Cvijan Milošević,Person:Sports,justin.T
Cvijan Milošević,Person:Sports,bandar.A
Cvijan Milošević,Person:Sports,stephen.M
Cvijan Milošević,Person:Sports,chris.L
Cvijan Milošević,Person:Sports,yuan.Y
Cvijan Milošević,Person:Sports,an.L
Cvijan Milošević,Person:Sports,peter.A
Cvijan Milošević,Person:Sports,yurie.S
Cvijan Milošević,Person:Sports,ai.H
Cvijan Milošević,Person:Sports,hai.H
Cvijan Milošević,Person:Sports,rima.B
Cvijan Milošević,Person:Sports,changli.W
Cvijan Milošević,Person:Sports,andrew.N
Cvijan Milošević,Person:Sports,yao.L
Cvijan Milošević,Person:Sports,vazir.J
Cvijan Milošević,Person:Sports,karen.M
Cvijan Milošević,Person:Sports,bach.T
Cvijan Milošević,Person:Sports,sarto.H
Cvijan Milošević,Person:Sports,alexander.L
Cvijan Milošević,Person:Sports,jan.K
Cvijan Milošević,Person:Sports,james.W
Cvijan Milošević,Person:Other,alexander.B
Olga Ivanova (athlete),Person:Sports,justin.T
Olga Ivanova (athlete),Person:Sports,bandar.A
Olga Ivanova (athlete),Person:Sports,stephen.M
Olga Ivanova (athlete),Person:Sports,chris.L
Olga Ivanova (athlete),Person:Sports,yuan.Y
Olga Ivanova (athlete),Person:Sports,an.L
Olga Ivanova (athlete),Person:Sports,peter.A
Olga Ivanova (athlete),Person:Sports,yurie.S
Olga Ivanova (athlete),Person:Sports,ai.H
Olga Ivanova (athlete),Person:Sports,hai.H
Olga Ivanova (athlete),Person:Sports,rima.B
Olga Ivanova (athlete),Person:Sports,changli.W
Olga Ivanova (athlete),Person:Sports,andrew.N
Olga Ivanova (athlete),Person:Sports,yao.L
Olga Ivanova (athlete),Person:Sports,vazir.J
Olga Ivanova (athlete),Person:Sports,karen.M
Olga Ivanova (athlete),Person:Sports,bach.T
Olga Ivanova (athlete),Person:Sports,sarto.H
Olga Ivanova (athlete),Person:Sports,alexander.L
Olga Ivanova (athlete),Person:Sports,jan.K
Olga Ivanova (athlete),Person:Sports,james.W
Olga Ivanova (athlete),Person:Other,alexander.B
Hal Luscombe,Person:Sports,justin.T
Hal Luscombe,Person:Sports,bandar.A
Hal Luscombe,Person:Sports,stephen.M
Hal Luscombe,Person:Sports,chris.L
Hal Luscombe,Person:Sports,yuan.Y
Hal Luscombe,Person:Sports,an.L
Hal Luscombe,Person:Sports,peter.A
Hal Luscombe,Person:Sports,yurie.S
Hal Luscombe,Person:Sports,ai.H
Hal Luscombe,Person:Sports,hai.H
Hal Luscombe,Person:Sports,rima.B
Hal Luscombe,Person:Sports,changli.W
Hal Luscombe,Person:Sports,andrew.N
Hal Luscombe,Person:Sports,yao.L
Hal Luscombe,Person:Sports,vazir.J
Hal Luscombe,Person:Sports,karen.M
Hal Luscombe,Person:Sports,bach.T
Hal Luscombe,Person:Sports,sarto.H
Hal Luscombe,Person:Sports,alexander.L
Hal Luscombe,Person:Sports,jan.K
Hal Luscombe,Person:Sports,james.W
Hal Luscombe,Person:Other,alexander.B
Edward T. Breathitt,Person:Politician/Advisor,justin.T
Edward T. Breathitt,Person:Politician/Advisor,bandar.A
Edward T. Breathitt,Person:Politician/Advisor,stephen.M
Edward T. Breathitt,Person:Politician/Advisor,chris.L
Edward T. Breathitt,Person:Politician/Advisor,yuan.Y
Edward T. Breathitt,Person:Politician/Advisor,an.L
Edward T. Breathitt,Person:Politician/Advisor,yurie.S
Edward T. Breathitt,Person:Politician/Advisor,ai.H
Edward T. Breathitt,Person:Politician/Advisor,hai.H
Edward T. Breathitt,Person:Politician/Advisor,rima.B
Edward T. Breathitt,Person:Politician/Advisor,changli.W
Edward T. Breathitt,Person:Politician/Advisor,andrew.N
Edward T. Breathitt,Person:Politician/Advisor,yao.L
Edward T. Breathitt,Person:Politician/Advisor,vazir.J
Edward T. Breathitt,Person:Politician/Advisor,karen.M
Edward T. Breathitt,Person:Politician/Advisor,bach.T
Edward T. Breathitt,Person:Politician/Advisor,sarto.H
Edward T. Breathitt,Person:Politician/Advisor,alexander.L
Edward T. Breathitt,Person:Politician/Advisor,jan.K
Edward T. Breathitt,Person:Politician/Advisor,peter.A
Edward T. Breathitt,Person:Politician/Advisor,james.W
Edward T. Breathitt,Person:Politician/Advisor,alexander.B
Gary Morris,Person:Musician / Singer,justin.T
Gary Morris,Person:Musician / Singer,bandar.A
Gary Morris,Person:Musician / Singer,stephen.M
Gary Morris,Person:Musician / Singer,chris.L
Gary Morris,Person:Musician / Singer,yuan.Y
Gary Morris,Person:Musician / Singer,an.L
Gary Morris,Person:Musician / Singer,yurie.S
Gary Morris,Person:Musician / Singer,ai.H
Gary Morris,Person:Musician / Singer,hai.H
Gary Morris,Person:Musician / Singer,rima.B
Gary Morris,Person:Musician / Singer,changli.W
Gary Morris,Person:Musician / Singer,andrew.N
Gary Morris,Person:Musician / Singer,yao.L
Gary Morris,Person:Musician / Singer,vazir.J
Gary Morris,Person:Musician / Singer,karen.M
Gary Morris,Person:Musician / Singer,bach.T
Gary Morris,Person:Musician / Singer,sarto.H
Gary Morris,Person:Musician / Singer,alexander.L
Gary Morris,Person:Musician / Singer,jan.K
Gary Morris,Person:Musician / Singer,peter.A
Gary Morris,Person:Musician / Singer,james.W
Gary Morris,Person:Musician / Singer,alexander.B
Mary Green,Person:Author/Journalist / Writer / Poet,justin.T
Mary Green,Person:Other,bandar.A
Mary Green,Person:Celebrity,stephen.M
Mary Green,Person:Actor / Director / Producer,chris.L
Mary Green,Person:Other,yuan.Y
Mary Green,Person:Other,an.L
Mary Green,Person:Actor / Director / Producer,yurie.S
Mary Green,Person:Other,ai.H
Mary Green,Person:Other,hai.H
Mary Green,Person:Celebrity,rima.B
Mary Green,Person:Other,changli.W
Mary Green,Person:Author/Journalist / Writer / Poet,andrew.N
Mary Green,Person:Other,yao.L
Mary Green,Person:Author/Journalist / Writer / Poet,vazir.J
Mary Green,Person:Author/Journalist / Writer / Poet,karen.M
Mary Green,Person:Actor / Director / Producer,bach.T
Mary Green,Person:Other,sarto.H
Mary Green,Person:Author/Journalist / Writer / Poet,alexander.L
Mary Green,Person:Author/Journalist / Writer / Poet,jan.K
Mary Green,Person:Other,peter.A
Mary Green,Person:Author/Journalist / Writer / Poet,james.W
Mary Green,Person:Actor / Director / Producer,alexander.B
50_Cent,Person:Celebrity,bandar.A
50_Cent,Person:Musician / Singer,stephen.M
50_Cent,Person:Musician / Singer,chris.L
50_Cent,Person:Musician / Singer,yuan.Y
50_Cent,Person:Actor / Director / Producer,an.L
50_Cent,Person:Musician / Singer,yurie.S
50_Cent,Person:Musician / Singer,ai.H
50_Cent,Person:Musician / Singer,hai.H
50_Cent,Person:Musician / Singer,rima.B
50_Cent,Person:Musician / Singer,changli.W
50_Cent,Person:Musician / Singer,andrew.N
50_Cent,Person:Musician / Singer,yao.L
50_Cent,Person:Musician / Singer,vazir.J
50_Cent,Person:Musician / Singer,justin.T
50_Cent,Person:Musician / Singer,karen.M
50_Cent,Person:Musician / Singer,bach.T
50_Cent,Person:Musician / Singer,alexander.L
50_Cent,Person:Musician / Singer,sarto.H
50_Cent,Person:Musician / Singer,jan.K
50_Cent,Person:Musician / Singer,peter.A
50_Cent,Person:Musician / Singer,james.W
50_Cent,Person:Artist,alexander.B
Stephenie_Meyer,Person:Author/Journalist / Writer / Poet,bandar.A
Stephenie_Meyer,Person:Author/Journalist / Writer / Poet,stephen.M
Stephenie_Meyer,Person:Author/Journalist / Writer / Poet,chris.L
Stephenie_Meyer,Person:Author/Journalist / Writer / Poet,yuan.Y
Stephenie_Meyer,Person:Author/Journalist / Writer / Poet,an.L
Stephenie_Meyer,Person:Author/Journalist / Writer / Poet,yurie.S
Stephenie_Meyer,Person:Author/Journalist / Writer / Poet,ai.H
Stephenie_Meyer,Person:Author/Journalist / Writer / Poet,hai.H
Stephenie_Meyer,Person:Author/Journalist / Writer / Poet,rima.B
Stephenie_Meyer,Person:Author/Journalist / Writer / Poet,changli.W
Stephenie_Meyer,Person:Author/Journalist / Writer / Poet,andrew.N
Stephenie_Meyer,Person:Author/Journalist / Writer / Poet,yao.L
Stephenie_Meyer,Person:Author/Journalist / Writer / Poet,vazir.J
Stephenie_Meyer,Person:Actor / Director / Producer,justin.T
Stephenie_Meyer,Person:Author/Journalist / Writer / Poet,karen.M
Stephenie_Meyer,Person:Author/Journalist / Writer / Poet,bach.T
Stephenie_Meyer,Person:Author/Journalist / Writer / Poet,sarto.H
Stephenie_Meyer,Person:Author/Journalist / Writer / Poet,alexander.L
Stephenie_Meyer,Person:Actor / Director / Producer,jan.K
Stephenie_Meyer,Person:Author/Journalist / Writer / Poet,peter.A
Stephenie_Meyer,Person:Author/Journalist / Writer / Poet,james.W
Stephenie_Meyer,Person:Author/Journalist / Writer / Poet,alexander.B
Daniel Rygel,Person:Sports,bandar.A
Daniel Rygel,Person:Sports,stephen.M
Daniel Rygel,Person:Sports,chris.L
Daniel Rygel,Person:Sports,yuan.Y
Daniel Rygel,Person:Sports,karen.M
Daniel Rygel,Person:Sports,an.L
Daniel Rygel,Person:Sports,yurie.S
Daniel Rygel,Person:Sports,ai.H
Daniel Rygel,Person:Sports,hai.H
Daniel Rygel,Person:Sports,rima.B
Daniel Rygel,Person:Sports,changli.W
Daniel Rygel,Person:Sports,andrew.N
Daniel Rygel,Person:Sports,yao.L
Daniel Rygel,Person:Sports,vazir.J
Daniel Rygel,Person:Sports,justin.T
Daniel Rygel,Person:Sports,bach.T
Daniel Rygel,Person:Sports,sarto.H
Daniel Rygel,Person:Sports,james.W
Daniel Rygel,Person:Sports,alexander.L
Daniel Rygel,Person:Other,jan.K
Daniel Rygel,Person:Other,peter.A
Daniel Rygel,Person:Other,alexander.B
Mark Saul,Person:Musician / Singer,bandar.A
Mark Saul,Person:Musician / Singer,stephen.M
Mark Saul,Person:Musician / Singer,chris.L
Mark Saul,Person:Musician / Singer,yuan.Y
Mark Saul,Person:Musician / Singer,an.L
Mark Saul,Person:Musician / Singer,yurie.S
Mark Saul,Person:Musician / Singer,ai.H
Mark Saul,Person:Musician / Singer,hai.H
Mark Saul,Person:Musician / Singer,rima.B
Mark Saul,Person:Musician / Singer,changli.W
Mark Saul,Person:Musician / Singer,andrew.N
Mark Saul,Person:Musician / Singer,yao.L
Mark Saul,Person:Musician / Singer,vazir.J
Mark Saul,Person:Musician / Singer,justin.T
Mark Saul,Person:Artist,bach.T
Mark Saul,Person:Musician / Singer,karen.M
Mark Saul,Person:Musician / Singer,sarto.H
Mark Saul,Person:Musician / Singer,alexander.L
Mark Saul,Person:Musician / Singer,jan.K
Mark Saul,Person:Musician / Singer,peter.A
Mark Saul,Person:Musician / Singer,james.W
Mark Saul,Person:Musician / Singer,alexander.B
Millicent Shelton,Person:Actor / Director / Producer,bandar.A
Millicent Shelton,Person:Actor / Director / Producer,stephen.M
Millicent Shelton,Person:Actor / Director / Producer,chris.L
Millicent Shelton,Person:Actor / Director / Producer,yuan.Y
Millicent Shelton,Person:Actor / Director / Producer,an.L
Millicent Shelton,Person:Actor / Director / Producer,yurie.S
Millicent Shelton,Person:Actor / Director / Producer,ai.H
Millicent Shelton,Person:Actor / Director / Producer,hai.H
Millicent Shelton,Person:Actor / Director / Producer,rima.B
Millicent Shelton,Person:Actor / Director / Producer,changli.W
Millicent Shelton,Person:Actor / Director / Producer,andrew.N
Millicent Shelton,Person:Actor / Director / Producer,yao.L
Millicent Shelton,Person:Actor / Director / Producer,vazir.J
Millicent Shelton,Person:Actor / Director / Producer,justin.T
Millicent Shelton,Person:Actor / Director / Producer,karen.M
Millicent Shelton,Person:Actor / Director / Producer,sarto.H
Millicent Shelton,Person:Actor / Director / Producer,alexander.L
Millicent Shelton,Person:Actor / Director / Producer,bach.T
Millicent Shelton,Person:Actor / Director / Producer,jan.K
Millicent Shelton,Person:Actor / Director / Producer,peter.A
Millicent Shelton,Person:Actor / Director / Producer,james.W
Millicent Shelton,Person:Actor / Director / Producer,alexander.B
Jean-Jacques_Rousseau,Person:Author/Journalist / Writer / Poet,bandar.A
Jean-Jacques_Rousseau,Person:Author/Journalist / Writer / Poet,stephen.M
Jean-Jacques_Rousseau,Person:Author/Journalist / Writer / Poet,yuan.Y
Jean-Jacques_Rousseau,Person:Author/Journalist / Writer / Poet,chris.L
Jean-Jacques_Rousseau,Person:Author/Journalist / Writer / Poet,karen.M
Jean-Jacques_Rousseau,Person:Author/Journalist / Writer / Poet,an.L
Jean-Jacques_Rousseau,Person:Academic / Teacher,yurie.S
Jean-Jacques_Rousseau,Person:Academic / Teacher,ai.H
Jean-Jacques_Rousseau,Person:Other,hai.H
Jean-Jacques_Rousseau,Person:Author/Journalist / Writer / Poet,rima.B
Jean-Jacques_Rousseau,Person:Author/Journalist / Writer / Poet,changli.W
Jean-Jacques_Rousseau,Person:Author/Journalist / Writer / Poet,andrew.N
Jean-Jacques_Rousseau,Person:Author/Journalist / Writer / Poet,yao.L
Jean-Jacques_Rousseau,Person:Author/Journalist / Writer / Poet,vazir.J
Jean-Jacques_Rousseau,Person:Other,justin.T
Jean-Jacques_Rousseau,Person:Author/Journalist / Writer / Poet,sarto.H
Jean-Jacques_Rousseau,Person:Author/Journalist / Writer / Poet,alexander.L
Jean-Jacques_Rousseau,Person:Author/Journalist / Writer / Poet,bach.T
Jean-Jacques_Rousseau,Person:Author/Journalist / Writer / Poet,jan.K
Jean-Jacques_Rousseau,Person:Author/Journalist / Writer / Poet,peter.A
Jean-Jacques_Rousseau,Person:Author/Journalist / Writer / Poet,james.W
Jean-Jacques_Rousseau,Person:Academic / Teacher,alexander.B
Anna_Faris,Person:Actor / Director / Producer,bandar.A
Anna_Faris,Person:Actor / Director / Producer,stephen.M
Anna_Faris,Person:Actor / Director / Producer,yuan.Y
Anna_Faris,Person:Actor / Director / Producer,chris.L
Anna_Faris,Person:Actor / Director / Producer,an.L
Anna_Faris,Person:Actor / Director / Producer,yurie.S
Anna_Faris,Person:Actor / Director / Producer,ai.H
Anna_Faris,Person:Actor / Director / Producer,hai.H
Anna_Faris,Person:Actor / Director / Producer,rima.B
Anna_Faris,Person:Actor / Director / Producer,changli.W
Anna_Faris,Person:Actor / Director / Producer,andrew.N
Anna_Faris,Person:Actor / Director / Producer,yao.L
Anna_Faris,Person:Actor / Director / Producer,vazir.J
Anna_Faris,Person:Actor / Director / Producer,justin.T
Anna_Faris,Person:Actor / Director / Producer,sarto.H
Anna_Faris,Person:Actor / Director / Producer,alexander.L
Anna_Faris,Person:Actor / Director / Producer,karen.M
Anna_Faris,Person:Actor / Director / Producer,bach.T
Anna_Faris,Person:Actor / Director / Producer,jan.K
Anna_Faris,Person:Actor / Director / Producer,peter.A
Anna_Faris,Person:Actor / Director / Producer,james.W
Anna_Faris,Person:Actor / Director / Producer,alexander.B
Liv Paulsen,Person:Sports,bandar.A
Liv Paulsen,Person:Sports,stephen.M
Liv Paulsen,Person:Sports,yuan.Y
Liv Paulsen,Person:Sports,chris.L
Liv Paulsen,Person:Sports,karen.M
Liv Paulsen,Person:Sports,an.L
Liv Paulsen,Person:Sports,yurie.S
Liv Paulsen,Person:Sports,ai.H
Liv Paulsen,Person:Sports,hai.H
Liv Paulsen,Person:Sports,rima.B
Liv Paulsen,Person:Sports,changli.W
Liv Paulsen,Person:Sports,andrew.N
Liv Paulsen,Person:Sports,yao.L
Liv Paulsen,Person:Sports,vazir.J
Liv Paulsen,Person:Sports,james.W
Liv Paulsen,Person:Sports,justin.T
Liv Paulsen,Person:Sports,bach.T
Liv Paulsen,Person:Sports,alexander.L
Liv Paulsen,Person:Sports,sarto.H
Liv Paulsen,Person:Other,jan.K
Liv Paulsen,Person:Other,peter.A
Liv Paulsen,Person:Other,alexander.B
Elie Radu,Person:Artist,stephen.M
Elie Radu,Person:Uncelebrated / victims / bystander / witnes,yuan.Y
Elie Radu,Person:Artist,bandar.A
Elie Radu,Person:Other,chris.L
Elie Radu,Person:Artist,karen.M
Elie Radu,Person:Other,an.L
Elie Radu,Person:Other,yurie.S
Elie Radu,Person:Other,ai.H
Elie Radu,Person:Other,hai.H
Elie Radu,Person:Other,rima.B
Elie Radu,Person:Artist,changli.W
Elie Radu,Person:Artist,andrew.N
Elie Radu,Person:Other,vazir.J
Elie Radu,Person:Artist,yao.L
Elie Radu,Person:Artist,sarto.H
Elie Radu,Person:Medical / Scientist / Researcher,alexander.L
Elie Radu,Person:Other,justin.T
Elie Radu,Person:Artist,bach.T
Elie Radu,Person:Other,jan.K
Elie Radu,Person:Artist,peter.A
Elie Radu,Person:Artist,james.W
Elie Radu,Person:Other,alexander.B
Shawn_Michaels,Person:Sports,stephen.M
Shawn_Michaels,Person:Sports,yuan.Y
Shawn_Michaels,Person:Sports,bandar.A
Shawn_Michaels,Person:Actor / Director / Producer,chris.L
Shawn_Michaels,Person:Sports,karen.M
Shawn_Michaels,Person:Sports,an.L
Shawn_Michaels,Person:Sports,yurie.S
Shawn_Michaels,Person:Sports,ai.H
Shawn_Michaels,Person:Sports,hai.H
Shawn_Michaels,Person:Sports,rima.B
Shawn_Michaels,Person:Actor / Director / Producer,changli.W
Shawn_Michaels,Person:Sports,andrew.N
Shawn_Michaels,Person:Sports,vazir.J
Shawn_Michaels,Person:Sports,sarto.H
Shawn_Michaels,Person:Sports,yao.L
Shawn_Michaels,Person:Sports,james.W
Shawn_Michaels,Person:Sports,bach.T
Shawn_Michaels,Person:Actor / Director / Producer,alexander.L
Shawn_Michaels,Person:Other,justin.T
Shawn_Michaels,Person:Other,jan.K
Shawn_Michaels,Person:Other,peter.A
Shawn_Michaels,Person:Other,alexander.B
Pervez_Musharraf,Person:Politician/Advisor,yuan.Y
Pervez_Musharraf,Person:Politician/Advisor,bandar.A
Pervez_Musharraf,Person:Politician/Advisor,chris.L
Pervez_Musharraf,Person:Military / Army / Navy / Airforce,an.L
Pervez_Musharraf,Person:Politician/Advisor,yurie.S
Pervez_Musharraf,Person:Politician/Advisor,ai.H
Pervez_Musharraf,Person:Politician/Advisor,hai.H
Pervez_Musharraf,Person:Politician/Advisor,rima.B
Pervez_Musharraf,Person:Politician/Advisor,changli.W
Pervez_Musharraf,Person:Politician/Advisor,andrew.N
Pervez_Musharraf,Person:Military / Army / Navy / Airforce,vazir.J
Pervez_Musharraf,Person:Politician/Advisor,yao.L
Pervez_Musharraf,Person:Politician/Advisor,stephen.M
Pervez_Musharraf,Person:Politician/Advisor,karen.M
Pervez_Musharraf,Person:Politician/Advisor,sarto.H
Pervez_Musharraf,Person:Politician/Advisor,alexander.L
Pervez_Musharraf,Person:Politician/Advisor,justin.T
Pervez_Musharraf,Person:Politician/Advisor,bach.T
Pervez_Musharraf,Person:Politician/Advisor,jan.K
Pervez_Musharraf,Person:Military / Army / Navy / Airforce,peter.A
Pervez_Musharraf,Person:Politician/Advisor,james.W
Pervez_Musharraf,Person:Military / Army / Navy / Airforce,alexander.B
Élodie Brouiller,Person:Sports,yuan.Y
Élodie Brouiller,Person:Sports,bandar.A
Élodie Brouiller,Person:Sports,chris.L
Élodie Brouiller,Person:Sports,karen.M
Élodie Brouiller,Person:Celebrity,an.L
Élodie Brouiller,Person:Other,ai.H
Élodie Brouiller,Person:Sports,hai.H
Élodie Brouiller,Person:Sports,rima.B
Élodie Brouiller,Person:Sports,changli.W
Élodie Brouiller,Person:Sports,andrew.N
Élodie Brouiller,Person:Sports,vazir.J
Élodie Brouiller,Person:Sports,sarto.H
Élodie Brouiller,Person:Sports,yao.L
Élodie Brouiller,Person:Artist,stephen.M
Élodie Brouiller,Person:Sports,james.W
Élodie Brouiller,Person:Other,yurie.S
Élodie Brouiller,Person:Other,alexander.L
Élodie Brouiller,Person:Artist,bach.T
Élodie Brouiller,Person:Other,jan.K
Élodie Brouiller,Person:Other,justin.T
Élodie Brouiller,Person:Other,peter.A
Élodie Brouiller,Person:Musician / Singer,alexander.B
Robin_Williams,Person:Actor / Director / Producer,yuan.Y
Robin_Williams,Person:Musician / Singer,bandar.A
Robin_Williams,Person:Academic / Teacher,chris.L
Robin_Williams,Person:Actor / Director / Producer,an.L
Robin_Williams,Person:Actor / Director / Producer,ai.H
Robin_Williams,Person:Actor / Director / Producer,hai.H
Robin_Williams,Person:Actor / Director / Producer,rima.B
Robin_Williams,Person:Actor / Director / Producer,changli.W
Robin_Williams,Person:Actor / Director / Producer,andrew.N
Robin_Williams,Person:Actor / Director / Producer,yao.L
Robin_Williams,Person:Actor / Director / Producer,stephen.M
Robin_Williams,Person:Actor / Director / Producer,karen.M
Robin_Williams,Person:Actor / Director / Producer,yurie.S
Robin_Williams,Person:Actor / Director / Producer,vazir.J
Robin_Williams,Person:Actor / Director / Producer,sarto.H
Robin_Williams,Person:Actor / Director / Producer,alexander.L
Robin_Williams,Person:Actor / Director / Producer,bach.T
Robin_Williams,Person:Actor / Director / Producer,jan.K
Robin_Williams,Person:Musician / Singer,justin.T
Robin_Williams,Person:Actor / Director / Producer,peter.A
Robin_Williams,Person:Actor / Director / Producer,james.W
Robin_Williams,Person:Actor / Director / Producer,alexander.B
Bill_Gates,Person:Business,yuan.Y
Bill_Gates,Person:Celebrity,bandar.A
Bill_Gates,Person:Business,chris.L
Bill_Gates,Person:Business,karen.M
Bill_Gates,Person:Business,an.L
Bill_Gates,Person:Business,yurie.S
Bill_Gates,Person:Celebrity,harinder.L
Bill_Gates,Person:Business,ai.H
Bill_Gates,Person:Business,hai.H
Bill_Gates,Person:Business,rima.B
Bill_Gates,Person:Business,changli.W
Bill_Gates,Person:Business,andrew.N
Bill_Gates,Person:Business,vazir.J
Bill_Gates,Person:Business,sarto.H
Bill_Gates,Person:Business,yao.L
Bill_Gates,Person:Business,stephen.M
Bill_Gates,Person:Business,james.W
Bill_Gates,Person:Business,bach.T
Bill_Gates,Person:Other,alexander.L
Bill_Gates,Person:Other,jan.K
Bill_Gates,Person:Other,justin.T
Bill_Gates,Person:Other,peter.A
Bill_Gates,Person:Other,alexander.B
George Meeker,Person:Author/Journalist / Writer / Poet,yuan.Y
George Meeker,Person:Actor / Director / Producer,bandar.A
George Meeker,Person:Actor / Director / Producer,chris.L
George Meeker,Person:Actor / Director / Producer,an.L
George Meeker,Person:Actor / Director / Producer,harinder.L
George Meeker,Person:Actor / Director / Producer,ai.H
George Meeker,Person:Actor / Director / Producer,hai.H
George Meeker,Person:Actor / Director / Producer,rima.B
George Meeker,Person:Actor / Director / Producer,changli.W
George Meeker,Person:Actor / Director / Producer,andrew.N
George Meeker,Person:Actor / Director / Producer,yao.L
George Meeker,Person:Actor / Director / Producer,stephen.M
George Meeker,Person:Actor / Director / Producer,karen.M
George Meeker,Person:Actor / Director / Producer,yurie.S
George Meeker,Person:Actor / Director / Producer,vazir.J
George Meeker,Person:Actor / Director / Producer,sarto.H
George Meeker,Person:Actor / Director / Producer,alexander.L
George Meeker,Person:Actor / Director / Producer,bach.T
George Meeker,Person:Actor / Director / Producer,jan.K
George Meeker,Person:Actor / Director / Producer,justin.T
George Meeker,Person:Actor / Director / Producer,james.W
George Meeker,Person:Actor / Director / Producer,peter.A
George Meeker,Person:Actor / Director / Producer,alexander.B
Timbaland,Person:Musician / Singer,yuan.Y
Timbaland,Person:Actor / Director / Producer,bandar.A
Timbaland,Person:Musician / Singer,chris.L
Timbaland,Person:Artist,an.L
Timbaland,Person:Musician / Singer,ai.H
Timbaland,Person:Musician / Singer,hai.H
Timbaland,Person:Musician / Singer,rima.B
Timbaland,Person:Actor / Director / Producer,changli.W
Timbaland,Person:Musician / Singer,andrew.N
Timbaland,Person:Musician / Singer,yao.L
Timbaland,Person:Musician / Singer,stephen.M
Timbaland,Person:Musician / Singer,harinder.L
Timbaland,Person:Musician / Singer,karen.M
Timbaland,Person:Musician / Singer,vazir.J
Timbaland,Person:Musician / Singer,yurie.S
Timbaland,Person:Musician / Singer,alexander.L
Timbaland,Person:Musician / Singer,sarto.H
Timbaland,Person:Artist,bach.T
Timbaland,Person:Musician / Singer,jan.K
Timbaland,Person:Musician / Singer,justin.T
Timbaland,Person:Musician / Singer,peter.A
Timbaland,Person:Musician / Singer,james.W
Timbaland,Person:Musician / Singer,alexander.B
Hector Sam,Person:Sports,yuan.Y
Hector Sam,Person:Sports,bandar.A
Hector Sam,Person:Sports,chris.L
Hector Sam,Person:Sports,karen.M
Hector Sam,Person:Sports,an.L
Hector Sam,Person:Sports,yurie.S
Hector Sam,Person:Sports,ai.H
Hector Sam,Person:Sports,hai.H
Hector Sam,Person:Sports,rima.B
Hector Sam,Person:Sports,changli.W
Hector Sam,Person:Sports,andrew.N
Hector Sam,Person:Sports,vazir.J
Hector Sam,Person:Sports,sarto.H
Hector Sam,Person:Sports,james.W
Hector Sam,Person:Sports,stephen.M
Hector Sam,Person:Sports,bach.T
Hector Sam,Person:Sports,yao.L
Hector Sam,Person:Academic / Teacher,harinder.L
Hector Sam,Person:Other,alexander.L
Hector Sam,Person:Other,jan.K
Hector Sam,Person:Other,justin.T
Hector Sam,Person:Other,peter.A
Hector Sam,Person:Other,alexander.B
Bruce_Lee,Person:Actor / Director / Producer,yuan.Y
Bruce_Lee,Person:Sports,bandar.A
Bruce_Lee,Person:Actor / Director / Producer,chris.L
Bruce_Lee,Person:Actor / Director / Producer,an.L
Bruce_Lee,Person:Actor / Director / Producer,ai.H
Bruce_Lee,Person:Actor / Director / Producer,hai.H
Bruce_Lee,Person:Actor / Director / Producer,rima.B
Bruce_Lee,Person:Actor / Director / Producer,changli.W
Bruce_Lee,Person:Sports,andrew.N
Bruce_Lee,Person:Actor / Director / Producer,stephen.M
Bruce_Lee,Person:Sports,yao.L
Bruce_Lee,Person:Celebrity,harinder.L
Bruce_Lee,Person:Actor / Director / Producer,karen.M
Bruce_Lee,Person:Actor / Director / Producer,vazir.J
Bruce_Lee,Person:Actor / Director / Producer,yurie.S
Bruce_Lee,Person:Actor / Director / Producer,sarto.H
Bruce_Lee,Person:Actor / Director / Producer,alexander.L
Bruce_Lee,Person:Actor / Director / Producer,bach.T
Bruce_Lee,Person:Artist,jan.K
Bruce_Lee,Person:Actor / Director / Producer,justin.T
Bruce_Lee,Person:Actor / Director / Producer,james.W
Bruce_Lee,Person:Actor / Director / Producer,peter.A
Bruce_Lee,Person:Actor / Director / Producer,alexander.B
Morgan_Freeman,Person:Actor / Director / Producer,yuan.Y
Morgan_Freeman,Person:Actor / Director / Producer,bandar.A
Morgan_Freeman,Person:Actor / Director / Producer,chris.L
Morgan_Freeman,Person:Actor / Director / Producer,an.L
Morgan_Freeman,Person:Actor / Director / Producer,ai.H
Morgan_Freeman,Person:Actor / Director / Producer,hai.H
Morgan_Freeman,Person:Actor / Director / Producer,rima.B
Morgan_Freeman,Person:Actor / Director / Producer,changli.W
Morgan_Freeman,Person:Actor / Director / Producer,andrew.N
Morgan_Freeman,Person:Actor / Director / Producer,stephen.M
Morgan_Freeman,Person:Actor / Director / Producer,yao.L
Morgan_Freeman,Person:Actor / Director / Producer,harinder.L
Morgan_Freeman,Person:Actor / Director / Producer,karen.M
Morgan_Freeman,Person:Actor / Director / Producer,vazir.J
Morgan_Freeman,Person:Actor / Director / Producer,yurie.S
Morgan_Freeman,Person:Actor / Director / Producer,alexander.L
Morgan_Freeman,Person:Actor / Director / Producer,bach.T
Morgan_Freeman,Person:Actor / Director / Producer,jan.K
Morgan_Freeman,Person:Actor / Director / Producer,sarto.H
Morgan_Freeman,Person:Actor / Director / Producer,justin.T
Morgan_Freeman,Person:Actor / Director / Producer,james.W
Morgan_Freeman,Person:Actor / Director / Producer,peter.A
Morgan_Freeman,Person:Actor / Director / Producer,alexander.B
James Chapman (author),Person:Author/Journalist / Writer / Poet,yuan.Y
James Chapman (author),Person:Author/Journalist / Writer / Poet,bandar.A
James Chapman (author),Person:Author/Journalist / Writer / Poet,chris.L
James Chapman (author),Person:Author/Journalist / Writer / Poet,an.L
James Chapman (author),Person:Author/Journalist / Writer / Poet,ai.H
James Chapman (author),Person:Author/Journalist / Writer / Poet,hai.H
James Chapman (author),Person:Author/Journalist / Writer / Poet,rima.B
James Chapman (author),Person:Author/Journalist / Writer / Poet,changli.W
James Chapman (author),Person:Author/Journalist / Writer / Poet,andrew.N
James Chapman (author),Person:Author/Journalist / Writer / Poet,stephen.M
James Chapman (author),Person:Author/Journalist / Writer / Poet,yao.L
James Chapman (author),Person:Author/Journalist / Writer / Poet,harinder.L
James Chapman (author),Person:Author/Journalist / Writer / Poet,vazir.J
James Chapman (author),Person:Author/Journalist / Writer / Poet,karen.M
James Chapman (author),Person:Author/Journalist / Writer / Poet,alexander.L
James Chapman (author),Person:Author/Journalist / Writer / Poet,yurie.S
James Chapman (author),Person:Author/Journalist / Writer / Poet,bach.T
James Chapman (author),Person:Author/Journalist / Writer / Poet,jan.K
James Chapman (author),Person:Author/Journalist / Writer / Poet,sarto.H
James Chapman (author),Person:Author/Journalist / Writer / Poet,justin.T
James Chapman (author),Person:Author/Journalist / Writer / Poet,james.W
James Chapman (author),Person:Author/Journalist / Writer / Poet,peter.A
James Chapman (author),Person:Author/Journalist / Writer / Poet,alexander.B
Robert of Molesme,Person:Religious / Priest / Minister / Cleric,yuan.Y
Robert of Molesme,Person:Religious / Priest / Minister / Cleric,bandar.A
Robert of Molesme,Person:Religious / Priest / Minister / Cleric,chris.L
Robert of Molesme,Person:Religious / Priest / Minister / Cleric,an.L
Robert of Molesme,Person:Religious / Priest / Minister / Cleric,ai.H
Robert of Molesme,Person:Religious / Priest / Minister / Cleric,hai.H
Robert of Molesme,Person:Religious / Priest / Minister / Cleric,rima.B
Robert of Molesme,Person:Religious / Priest / Minister / Cleric,changli.W
Robert of Molesme,Person:Religious / Priest / Minister / Cleric,andrew.N
Robert of Molesme,Person:Religious / Priest / Minister / Cleric,stephen.M
Robert of Molesme,Person:Religious / Priest / Minister / Cleric,yao.L
Robert of Molesme,Person:Religious / Priest / Minister / Cleric,harinder.L
Robert of Molesme,Person:Religious / Priest / Minister / Cleric,vazir.J
Robert of Molesme,Person:Religious / Priest / Minister / Cleric,karen.M
Robert of Molesme,Person:Religious / Priest / Minister / Cleric,alexander.L
Robert of Molesme,Person:Religious / Priest / Minister / Cleric,yurie.S
Robert of Molesme,Person:Religious / Priest / Minister / Cleric,bach.T
Robert of Molesme,Person:Religious / Priest / Minister / Cleric,jan.K
Robert of Molesme,Person:Religious / Priest / Minister / Cleric,sarto.H
Robert of Molesme,Person:Religious / Priest / Minister / Cleric,justin.T
Robert of Molesme,Person:Religious / Priest / Minister / Cleric,james.W
Robert of Molesme,Person:Religious / Priest / Minister / Cleric,peter.A
Robert of Molesme,Person:Religious / Priest / Minister / Cleric,alexander.B
Paris_Hilton,Person:Celebrity,zhenya.Z
Paris_Hilton,Person:Celebrity,bandar.A
Paris_Hilton,Person:Celebrity,chris.L
Paris_Hilton,Person:Celebrity,an.L
Paris_Hilton,Person:Celebrity,ai.H
Paris_Hilton,Person:Celebrity,hai.H
Paris_Hilton,Person:Celebrity,rima.B
Paris_Hilton,Person:Celebrity,changli.W
Paris_Hilton,Person:Celebrity,andrew.N
Paris_Hilton,Person:Author/Journalist / Writer / Poet,yuan.Y
Paris_Hilton,Person:Celebrity,stephen.M
Paris_Hilton,Person:Celebrity,yao.L
Paris_Hilton,Person:Celebrity,vazir.J
Paris_Hilton,Person:Actor / Director / Producer,harinder.L
Paris_Hilton,Person:Celebrity,karen.M
Paris_Hilton,Person:Celebrity,alexander.L
Paris_Hilton,Person:Celebrity,bach.T
Paris_Hilton,Person:Celebrity,yurie.S
Paris_Hilton,Person:Celebrity,jan.K
Paris_Hilton,Person:Celebrity,sarto.H
Paris_Hilton,Person:Celebrity,justin.T
Paris_Hilton,Person:Celebrity,james.W
Paris_Hilton,Person:Celebrity,peter.A
Paris_Hilton,Person:Other,alexander.B
Roger_Federer,Person:Sports,zhenya.Z
Roger_Federer,Person:Sports,bandar.A
Roger_Federer,Person:Sports,chris.L
Roger_Federer,Person:Sports,karen.M
Roger_Federer,Person:Sports,an.L
Roger_Federer,Person:Sports,ai.H
Roger_Federer,Person:Sports,hai.H
Roger_Federer,Person:Sports,rima.B
Roger_Federer,Person:Sports,changli.W
Roger_Federer,Person:Sports,andrew.N
Roger_Federer,Person:Sports,yao.L
Roger_Federer,Person:Sports,vazir.J
Roger_Federer,Person:Sports,sarto.H
Roger_Federer,Person:Sports,james.W
Roger_Federer,Person:Sports,bach.T
Roger_Federer,Person:Sports,yuan.Y
Roger_Federer,Person:Academic / Teacher,stephen.M
Roger_Federer,Person:Academic / Teacher,harinder.L
Roger_Federer,Person:Other,alexander.L
Roger_Federer,Person:Other,yurie.S
Roger_Federer,Person:Other,jan.K
Roger_Federer,Person:Other,justin.T
Roger_Federer,Person:Other,peter.A
Roger_Federer,Person:Other,alexander.B
Simon Gibbons,Person:Academic / Teacher,zhenya.Z
Simon Gibbons,Person:Academic / Teacher,bandar.A
Simon Gibbons,Person:Academic / Teacher,chris.L
Simon Gibbons,Person:Academic / Teacher,an.L
Simon Gibbons,Person:Academic / Teacher,ai.H
Simon Gibbons,Person:Academic / Teacher,hai.H
Simon Gibbons,Person:Medical / Scientist / Researcher,rima.B
Simon Gibbons,Person:Academic / Teacher,changli.W
Simon Gibbons,Person:Academic / Teacher,andrew.N
Simon Gibbons,Person:Academic / Teacher,yuan.Y
Simon Gibbons,Person:Academic / Teacher,stephen.M
Simon Gibbons,Person:Academic / Teacher,yao.L
Simon Gibbons,Person:Academic / Teacher,vazir.J
Simon Gibbons,Person:Academic / Teacher,karen.M
Simon Gibbons,Person:Academic / Teacher,harinder.L
Simon Gibbons,Person:Academic / Teacher,alexander.L
Simon Gibbons,Person:Academic / Teacher,yurie.S
Simon Gibbons,Person:Medical / Scientist / Researcher,jan.K
Simon Gibbons,Person:Academic / Teacher,bach.T
Simon Gibbons,Person:Academic / Teacher,sarto.H
Simon Gibbons,Person:Academic / Teacher,james.W
Simon Gibbons,Person:Academic / Teacher,justin.T
Simon Gibbons,Person:Academic / Teacher,peter.A
Simon Gibbons,Person:Academic / Teacher,alexander.B
Dale Skeen,Person:Business,zhenya.Z
Dale Skeen,Person:Business,bandar.A
Dale Skeen,Person:Business,karen.M
Dale Skeen,Person:Business,an.L
Dale Skeen,Person:Business,yurie.S
Dale Skeen,Person:Medical / Scientist / Researcher,ai.H
Dale Skeen,Person:Business,hai.H
Dale Skeen,Person:Business,andrew.N
Dale Skeen,Person:Business,chris.L
Dale Skeen,Person:Business,yao.L
Dale Skeen,Person:Business,vazir.J
Dale Skeen,Person:Business,sarto.H
Dale Skeen,Person:Business,rima.B
Dale Skeen,Person:Business,james.W
Dale Skeen,Person:Business,bach.T
Dale Skeen,Person:Business,yuan.Y
Dale Skeen,Person:Business,changli.W
Dale Skeen,Person:Academic / Teacher,stephen.M
Dale Skeen,Person:Medical / Scientist / Researcher,harinder.L
Dale Skeen,Person:Academic / Teacher,alexander.L
Dale Skeen,Person:Other,jan.K
Dale Skeen,Person:Other,justin.T
Dale Skeen,Person:Other,peter.A
Dale Skeen,Person:Other,alexander.B
Polykleitos,Person:Artist,bandar.A
Polykleitos,Person:Artist,an.L
Polykleitos,Person:Artist,ai.H
Polykleitos,Person:Artist,hai.H
Polykleitos,Person:Artist,chris.L
Polykleitos,Person:Artist,andrew.N
Polykleitos,Person:Artist,rima.B
Polykleitos,Person:Academic / Teacher,james.W
Polykleitos,Person:Artist,yuan.Y
Polykleitos,Person:Artist,zhenya.Z
Polykleitos,Person:Artist,changli.W
Polykleitos,Person:Academic / Teacher,stephen.M
Polykleitos,Person:Artist,yao.L
Polykleitos,Person:Artist,vazir.J
Polykleitos,Person:Artist,karen.M
Polykleitos,Person:Artist,harinder.L
Polykleitos,Person:Artist,alexander.L
Polykleitos,Person:Artist,yurie.S
Polykleitos,Person:Artist,bach.T
Polykleitos,Person:Artist,sarto.H
Polykleitos,Person:Other,justin.T
Polykleitos,Person:Artist,jan.K
Polykleitos,Person:Artist,peter.A
Polykleitos,Person:Artist,alexander.B
Utpal Dutt,Person:Actor / Director / Producer,bandar.A
Utpal Dutt,Person:Actor / Director / Producer,an.L
Utpal Dutt,Person:Actor / Director / Producer,ai.H
Utpal Dutt,Person:Actor / Director / Producer,chris.L
Utpal Dutt,Person:Actor / Director / Producer,andrew.N
Utpal Dutt,Person:Actor / Director / Producer,rima.B
Utpal Dutt,Person:Actor / Director / Producer,hai.H
Utpal Dutt,Person:Actor / Director / Producer,zhenya.Z
Utpal Dutt,Person:Actor / Director / Producer,yuan.Y
Utpal Dutt,Person:Actor / Director / Producer,changli.W
Utpal Dutt,Person:Actor / Director / Producer,yao.L
Utpal Dutt,Person:Actor / Director / Producer,vazir.J
Utpal Dutt,Person:Actor / Director / Producer,stephen.M
Utpal Dutt,Person:Actor / Director / Producer,karen.M
Utpal Dutt,Person:Actor / Director / Producer,harinder.L
Utpal Dutt,Person:Actor / Director / Producer,alexander.L
Utpal Dutt,Person:Actor / Director / Producer,bach.T
Utpal Dutt,Person:Actor / Director / Producer,yurie.S
Utpal Dutt,Person:Actor / Director / Producer,sarto.H
Utpal Dutt,Person:Actor / Director / Producer,jan.K
Utpal Dutt,Person:Actor / Director / Producer,justin.T
Utpal Dutt,Person:Actor / Director / Producer,james.W
Utpal Dutt,Person:Actor / Director / Producer,peter.A
Utpal Dutt,Person:Actor / Director / Producer,alexander.B
Mekhi Phifer,Person:Actor / Director / Producer,bandar.A
Mekhi Phifer,Person:Actor / Director / Producer,an.L
Mekhi Phifer,Person:Actor / Director / Producer,ai.H
Mekhi Phifer,Person:Actor / Director / Producer,chris.L
Mekhi Phifer,Person:Actor / Director / Producer,andrew.N
Mekhi Phifer,Person:Actor / Director / Producer,hai.H
Mekhi Phifer,Person:Actor / Director / Producer,rima.B
Mekhi Phifer,Person:Actor / Director / Producer,zhenya.Z
Mekhi Phifer,Person:Actor / Director / Producer,yuan.Y
Mekhi Phifer,Person:Actor / Director / Producer,changli.W
Mekhi Phifer,Person:Actor / Director / Producer,yao.L
Mekhi Phifer,Person:Actor / Director / Producer,stephen.M
Mekhi Phifer,Person:Actor / Director / Producer,vazir.J
Mekhi Phifer,Person:Actor / Director / Producer,karen.M
Mekhi Phifer,Person:Actor / Director / Producer,alexander.L
Mekhi Phifer,Person:Actor / Director / Producer,harinder.L
Mekhi Phifer,Person:Actor / Director / Producer,yurie.S
Mekhi Phifer,Person:Actor / Director / Producer,bach.T
Mekhi Phifer,Person:Actor / Director / Producer,sarto.H
Mekhi Phifer,Person:Academic / Teacher,jan.K
Mekhi Phifer,Person:Actor / Director / Producer,justin.T
Mekhi Phifer,Person:Actor / Director / Producer,james.W
Mekhi Phifer,Person:Actor / Director / Producer,peter.A
Mekhi Phifer,Person:Actor / Director / Producer,alexander.B
Edward Willis,Person:Author/Journalist / Writer / Poet,an.L
Edward Willis,Person:Author/Journalist / Writer / Poet,ai.H
Edward Willis,Person:Author/Journalist / Writer / Poet,chris.L
Edward Willis,Person:Politician/Advisor,andrew.N
Edward Willis,Person:Author/Journalist / Writer / Poet,bandar.A
Edward Willis,Person:Author/Journalist / Writer / Poet,hai.H
Edward Willis,Person:Politician/Advisor,rima.B
Edward Willis,Person:Author/Journalist / Writer / Poet,zhenya.Z
Edward Willis,Person:Author/Journalist / Writer / Poet,yuan.Y
Edward Willis,Person:Politician/Advisor,changli.W
Edward Willis,Person:Author/Journalist / Writer / Poet,stephen.M
Edward Willis,Person:Author/Journalist / Writer / Poet,yao.L
Edward Willis,Person:Politician/Advisor,vazir.J
Edward Willis,Person:Politician/Advisor,karen.M
Edward Willis,Person:Author/Journalist / Writer / Poet,alexander.L
Edward Willis,Person:Politician/Advisor,harinder.L
Edward Willis,Person:Author/Journalist / Writer / Poet,bach.T
Edward Willis,Person:Politician/Advisor,sarto.H
Edward Willis,Person:Politician/Advisor,yurie.S
Edward Willis,Person:Politician/Advisor,jan.K
Edward Willis,Person:Author/Journalist / Writer / Poet,justin.T
Edward Willis,Person:Author/Journalist / Writer / Poet,james.W
Edward Willis,Person:Author/Journalist / Writer / Poet,peter.A
Edward Willis,Person:Politician/Advisor,alexander.B
Onofrio Gabrieli,Person:Artist,an.L
Onofrio Gabrieli,Person:Artist,ai.H
Onofrio Gabrieli,Person:Artist,chris.L
Onofrio Gabrieli,Person:Artist,andrew.N
Onofrio Gabrieli,Person:Artist,bandar.A
Onofrio Gabrieli,Person:Artist,hai.H
Onofrio Gabrieli,Person:Artist,rima.B
Onofrio Gabrieli,Person:Artist,yuan.Y
Onofrio Gabrieli,Person:Artist,zhenya.Z
Onofrio Gabrieli,Person:Artist,changli.W
Onofrio Gabrieli,Person:Artist,vazir.J
Onofrio Gabrieli,Person:Artist,yao.L
Onofrio Gabrieli,Person:Artist,stephen.M
Onofrio Gabrieli,Person:Artist,alexander.L
Onofrio Gabrieli,Person:Artist,harinder.L
Onofrio Gabrieli,Person:Artist,karen.M
Onofrio Gabrieli,Person:Artist,bach.T
Onofrio Gabrieli,Person:Artist,sarto.H
Onofrio Gabrieli,Person:Artist,jan.K
Onofrio Gabrieli,Person:Artist,justin.T
Onofrio Gabrieli,Person:Artist,yurie.S
Onofrio Gabrieli,Person:Artist,peter.A
Onofrio Gabrieli,Person:Artist,james.W
Onofrio Gabrieli,Person:Artist,alexander.B
Stephen A. Mitchell (Democratic activist),Person:Politician/Advisor,an.L
Stephen A. Mitchell (Democratic activist),Person:Politician/Advisor,ai.H
Stephen A. Mitchell (Democratic activist),Person:Politician/Advisor,chris.L
Stephen A. Mitchell (Democratic activist),Person:Politician/Advisor,andrew.N
Stephen A. Mitchell (Democratic activist),Person:Politician/Advisor,bandar.A
Stephen A. Mitchell (Democratic activist),Person:Politician/Advisor,hai.H
Stephen A. Mitchell (Democratic activist),Person:Politician/Advisor,rima.B
Stephen A. Mitchell (Democratic activist),Person:Politician/Advisor,zhenya.Z
Stephen A. Mitchell (Democratic activist),Person:Celebrity,yuan.Y
Stephen A. Mitchell (Democratic activist),Person:Politician/Advisor,changli.W
Stephen A. Mitchell (Democratic activist),Person:Politician/Advisor,vazir.J
Stephen A. Mitchell (Democratic activist),Person:Politician/Advisor,yao.L
Stephen A. Mitchell (Democratic activist),Person:Politician/Advisor,stephen.M
Stephen A. Mitchell (Democratic activist),Person:Politician/Advisor,alexander.L
Stephen A. Mitchell (Democratic activist),Person:Politician/Advisor,harinder.L
Stephen A. Mitchell (Democratic activist),Person:Politician/Advisor,karen.M
Stephen A. Mitchell (Democratic activist),Person:Politician/Advisor,bach.T
Stephen A. Mitchell (Democratic activist),Person:Politician/Advisor,sarto.H
Stephen A. Mitchell (Democratic activist),Person:Politician/Advisor,jan.K
Stephen A. Mitchell (Democratic activist),Person:Other,justin.T
Stephen A. Mitchell (Democratic activist),Person:Politician/Advisor,yurie.S
Stephen A. Mitchell (Democratic activist),Person:Politician/Advisor,peter.A
Stephen A. Mitchell (Democratic activist),Person:Politician/Advisor,james.W
Stephen A. Mitchell (Democratic activist),Person:Politician/Advisor,alexander.B
Bob_Dylan,Person:Musician / Singer,ai.H
Bob_Dylan,Person:Musician / Singer,chris.L
Bob_Dylan,Person:Musician / Singer,andrew.N
Bob_Dylan,Person:Musician / Singer,bandar.A
Bob_Dylan,Person:Musician / Singer,hai.H
Bob_Dylan,Person:Musician / Singer,rima.B
Bob_Dylan,Person:Musician / Singer,an.L
Bob_Dylan,Person:Musician / Singer,zhenya.Z
Bob_Dylan,Person:Musician / Singer,changli.W
Bob_Dylan,Person:Musician / Singer,yuan.Y
Bob_Dylan,Person:Musician / Singer,vazir.J
Bob_Dylan,Person:Musician / Singer,stephen.M
Bob_Dylan,Person:Musician / Singer,yao.L
Bob_Dylan,Person:Musician / Singer,alexander.L
Bob_Dylan,Person:Musician / Singer,harinder.L
Bob_Dylan,Person:Artist,karen.M
Bob_Dylan,Person:Musician / Singer,sarto.H
Bob_Dylan,Person:Artist,bach.T
Bob_Dylan,Person:Musician / Singer,jan.K
Bob_Dylan,Person:Musician / Singer,justin.T
Bob_Dylan,Person:Musician / Singer,peter.A
Bob_Dylan,Person:Musician / Singer,yurie.S
Bob_Dylan,Person:Musician / Singer,james.W
Bob_Dylan,Person:Musician / Singer,alexander.B
Daniel H. Ludlow,Person:Religious / Priest / Minister / Cleric,ai.H
Daniel H. Ludlow,Person:Academic / Teacher,chris.L
Daniel H. Ludlow,Person:Academic / Teacher,andrew.N
Daniel H. Ludlow,Person:Academic / Teacher,bandar.A
Daniel H. Ludlow,Person:Academic / Teacher,rima.B
Daniel H. Ludlow,Person:Academic / Teacher,hai.H
Daniel H. Ludlow,Person:Academic / Teacher,an.L
Daniel H. Ludlow,Person:Academic / Teacher,zhenya.Z
Daniel H. Ludlow,Person:Academic / Teacher,changli.W
Daniel H. Ludlow,Person:Academic / Teacher,yuan.Y
Daniel H. Ludlow,Person:Academic / Teacher,vazir.J
Daniel H. Ludlow,Person:Academic / Teacher,stephen.M
Daniel H. Ludlow,Person:Academic / Teacher,yao.L
Daniel H. Ludlow,Person:Academic / Teacher,alexander.L
Daniel H. Ludlow,Person:Religious / Priest / Minister / Cleric,harinder.L
Daniel H. Ludlow,Person:Religious / Priest / Minister / Cleric,karen.M
Daniel H. Ludlow,Person:Religious / Priest / Minister / Cleric,sarto.H
Daniel H. Ludlow,Person:Religious / Priest / Minister / Cleric,jan.K
Daniel H. Ludlow,Person:Academic / Teacher,bach.T
Daniel H. Ludlow,Person:Other,justin.T
Daniel H. Ludlow,Person:Academic / Teacher,peter.A
Daniel H. Ludlow,Person:Academic / Teacher,yurie.S
Daniel H. Ludlow,Person:Religious / Priest / Minister / Cleric,james.W
Daniel H. Ludlow,Person:Academic / Teacher,alexander.B
Ole Budtz,Person:Sports,zhenya.Z
Ole Budtz,Person:Sports,bandar.A
Ole Budtz,Person:Sports,karen.M
Ole Budtz,Person:Sports,yurie.S
Ole Budtz,Person:Sports,ai.H
Ole Budtz,Person:Sports,hai.H
Ole Budtz,Person:Sports,yao.L
Ole Budtz,Person:Sports,vazir.J
Ole Budtz,Person:Sports,sarto.H
Ole Budtz,Person:Sports,bach.T
Ole Budtz,Person:Other,andrew.N
Ole Budtz,Person:Other,an.L
Ole Budtz,Person:Other,rima.B
Ole Budtz,Person:Other,yuan.Y
Ole Budtz,Person:Other,changli.W
Ole Budtz,Person:Other,chris.L
Ole Budtz,Person:Academic / Teacher,stephen.M
Ole Budtz,Person:Other,alexander.L
Ole Budtz,Person:Academic / Teacher,harinder.L
Ole Budtz,Person:Other,jan.K
Ole Budtz,Person:Other,justin.T
Ole Budtz,Person:Other,peter.A
Ole Budtz,Person:Academic / Teacher,james.W
Ole Budtz,Person:Other,alexander.B
Héctor Echeverry,Person:Sports,zhenya.Z
Héctor Echeverry,Person:Sports,bandar.A
Héctor Echeverry,Person:Sports,karen.M
Héctor Echeverry,Person:Sports,yurie.S
Héctor Echeverry,Person:Sports,ai.H
Héctor Echeverry,Person:Sports,hai.H
Héctor Echeverry,Person:Sports,yao.L
Héctor Echeverry,Person:Sports,vazir.J
Héctor Echeverry,Person:Sports,sarto.H
Héctor Echeverry,Person:Sports,bach.T
Héctor Echeverry,Person:Sports,james.W
Héctor Echeverry,Person:Other,an.L
Héctor Echeverry,Person:Other,andrew.N
Héctor Echeverry,Person:Other,rima.B
Héctor Echeverry,Person:Other,changli.W
Héctor Echeverry,Person:Other,yuan.Y
Héctor Echeverry,Person:Other,chris.L
Héctor Echeverry,Person:Academic / Teacher,stephen.M
Héctor Echeverry,Person:Other,alexander.L
Héctor Echeverry,Person:Academic / Teacher,harinder.L
Héctor Echeverry,Person:Other,jan.K
Héctor Echeverry,Person:Other,peter.A
Héctor Echeverry,Person:Other,justin.T
Héctor Echeverry,Person:Other,alexander.B
Christian Ulrik Kastrup,Person:Military / Army / Navy / Airforce,ai.H
Christian Ulrik Kastrup,Person:Politician/Advisor,bandar.A
Christian Ulrik Kastrup,Person:Military / Army / Navy / Airforce,an.L
Christian Ulrik Kastrup,Person:Politician/Advisor,hai.H
Christian Ulrik Kastrup,Person:Politician/Advisor,zhenya.Z
Christian Ulrik Kastrup,Person:Military / Army / Navy / Airforce,changli.W
Christian Ulrik Kastrup,Person:Military / Army / Navy / Airforce,andrew.N
Christian Ulrik Kastrup,Person:Politician/Advisor,chris.L
Christian Ulrik Kastrup,Person:Military / Army / Navy / Airforce,rima.B
Christian Ulrik Kastrup,Person:Politician/Advisor,yuan.Y
Christian Ulrik Kastrup,Person:Other,vazir.J
Christian Ulrik Kastrup,Person:Politician/Advisor,stephen.M
Christian Ulrik Kastrup,Person:Politician/Advisor,alexander.L
Christian Ulrik Kastrup,Person:Politician/Advisor,harinder.L
Christian Ulrik Kastrup,Person:Politician/Advisor,yao.L
Christian Ulrik Kastrup,Person:Politician/Advisor,jan.K
Christian Ulrik Kastrup,Person:Military / Army / Navy / Airforce,karen.M
Christian Ulrik Kastrup,Person:Military / Army / Navy / Airforce,bach.T
Christian Ulrik Kastrup,Person:Politician/Advisor,sarto.H
Christian Ulrik Kastrup,Person:Politician/Advisor,peter.A
Christian Ulrik Kastrup,Person:Politician/Advisor,yurie.S
Christian Ulrik Kastrup,Person:Politician/Advisor,justin.T
Christian Ulrik Kastrup,Person:Politician/Advisor,james.W
Christian Ulrik Kastrup,Person:Military / Army / Navy / Airforce,alexander.B
Warren_Buffett,Person:Business,bandar.A
Warren_Buffett,Person:Business,karen.M
Warren_Buffett,Person:Business,yurie.S
Warren_Buffett,Person:Business,yao.L
Warren_Buffett,Person:Business,vazir.J
Warren_Buffett,Person:Business,sarto.H
Warren_Buffett,Person:Business,bach.T
Warren_Buffett,Person:Business,james.W
Warren_Buffett,Person:Other,ai.H
Warren_Buffett,Person:Celebrity,an.L
Warren_Buffett,Person:Celebrity,hai.H
Warren_Buffett,Person:Other,chris.L
Warren_Buffett,Person:Other,changli.W
Warren_Buffett,Person:Other,rima.B
Warren_Buffett,Person:Celebrity,yuan.Y
Warren_Buffett,Person:Celebrity,zhenya.Z
Warren_Buffett,Person:Other,andrew.N
Warren_Buffett,Person:Academic / Teacher,stephen.M
Warren_Buffett,Person:Celebrity,harinder.L
Warren_Buffett,Person:Medical / Scientist / Researcher,alexander.L
Warren_Buffett,Person:Celebrity,peter.A
Warren_Buffett,Person:Other,jan.K
Warren_Buffett,Person:Other,justin.T
Warren_Buffett,Person:Other,alexander.B
Trevor Drayton,Person:Celebrity,bandar.A
Trevor Drayton,Person:Business,karen.M
Trevor Drayton,Person:Business,yao.L
Trevor Drayton,Person:Business,vazir.J
Trevor Drayton,Person:Business,bach.T
Trevor Drayton,Person:Business,james.W
Trevor Drayton,Person:Other,ai.H
Trevor Drayton,Person:Other,hai.H
Trevor Drayton,Person:Celebrity,an.L
Trevor Drayton,Person:Other,chris.L
Trevor Drayton,Person:Other,changli.W
Trevor Drayton,Person:Other,yuan.Y
Trevor Drayton,Person:Other,zhenya.Z
Trevor Drayton,Person:Other,stephen.M
Trevor Drayton,Person:Other,harinder.L
Trevor Drayton,Person:Other,rima.B
Trevor Drayton,Person:Other,andrew.N
Trevor Drayton,Person:Other,peter.A
Trevor Drayton,Person:Other,alexander.L
Trevor Drayton,Person:Other,jan.K
Trevor Drayton,Person:Other,yurie.S
Trevor Drayton,Person:Other,sarto.H
Trevor Drayton,Person:Other,justin.T
Trevor Drayton,Person:Other,alexander.B
Ben van Oosten,Person:Academic / Teacher,hai.H
Ben van Oosten,Person:Musician / Singer,bandar.A
Ben van Oosten,Person:Author/Journalist / Writer / Poet,an.L
Ben van Oosten,Person:Musician / Singer,chris.L
Ben van Oosten,Person:Musician / Singer,changli.W
Ben van Oosten,Person:Musician / Singer,ai.H
Ben van Oosten,Person:Author/Journalist / Writer / Poet,zhenya.Z
Ben van Oosten,Person:Musician / Singer,vazir.J
Ben van Oosten,Person:Actor / Director / Producer,yuan.Y
Ben van Oosten,Person:Academic / Teacher,harinder.L
Ben van Oosten,Person:Musician / Singer,yao.L
Ben van Oosten,Person:Academic / Teacher,peter.A
Ben van Oosten,Person:Musician / Singer,karen.M
Ben van Oosten,Person:Musician / Singer,alexander.L
Ben van Oosten,Person:Musician / Singer,stephen.M
Ben van Oosten,Person:Musician / Singer,andrew.N
Ben van Oosten,Person:Musician / Singer,rima.B
Ben van Oosten,Person:Musician / Singer,jan.K
Ben van Oosten,Person:Musician / Singer,yurie.S
Ben van Oosten,Person:Musician / Singer,sarto.H
Ben van Oosten,Person:Author/Journalist / Writer / Poet,justin.T
Ben van Oosten,Person:Academic / Teacher,bach.T
Ben van Oosten,Person:Musician / Singer,alexander.B
Ben van Oosten,Person:Musician / Singer,james.W
Thomas Chalmers (rugby union),Person:Sports,zhenya.Z
Thomas Chalmers (rugby union),Person:Sports,bandar.A
Thomas Chalmers (rugby union),Person:Sports,karen.M
Thomas Chalmers (rugby union),Person:Sports,yurie.S
Thomas Chalmers (rugby union),Person:Sports,hai.H
Thomas Chalmers (rugby union),Person:Sports,yao.L
Thomas Chalmers (rugby union),Person:Sports,vazir.J
Thomas Chalmers (rugby union),Person:Sports,sarto.H
Thomas Chalmers (rugby union),Person:Sports,bach.T
Thomas Chalmers (rugby union),Person:Sports,james.W
Thomas Chalmers (rugby union),Person:Sports,changli.W
Thomas Chalmers (rugby union),Person:Other,an.L
Thomas Chalmers (rugby union),Person:Other,chris.L
Thomas Chalmers (rugby union),Person:Celebrity,ai.H
Thomas Chalmers (rugby union),Person:Other,yuan.Y
Thomas Chalmers (rugby union),Person:Other,harinder.L
Thomas Chalmers (rugby union),Person:Other,peter.A
Thomas Chalmers (rugby union),Person:Other,jan.K
Thomas Chalmers (rugby union),Person:Celebrity,rima.B
Thomas Chalmers (rugby union),Person:Other,justin.T
Thomas Chalmers (rugby union),Person:Other,alexander.L
Thomas Chalmers (rugby union),Person:Celebrity,andrew.N
Thomas Chalmers (rugby union),Person:Academic / Teacher,stephen.M
Thomas Chalmers (rugby union),Person:Other,alexander.B
Fred Wheldon,Person:Sports,zhenya.Z
Fred Wheldon,Person:Sports,yurie.S
Fred Wheldon,Person:Sports,hai.H
Fred Wheldon,Person:Sports,yao.L
Fred Wheldon,Person:Sports,vazir.J
Fred Wheldon,Person:Sports,sarto.H
Fred Wheldon,Person:Sports,bach.T
Fred Wheldon,Person:Sports,james.W
Fred Wheldon,Person:Sports,changli.W
Fred Wheldon,Person:Other,andrew.N
Fred Wheldon,Person:Other,an.L
Fred Wheldon,Person:Celebrity,bandar.A
Fred Wheldon,Person:Other,chris.L
Fred Wheldon,Person:Academic / Teacher,harinder.L
Fred Wheldon,Person:Academic / Teacher,ai.H
Fred Wheldon,Person:Other,peter.A
Fred Wheldon,Person:Other,yuan.Y
Fred Wheldon,Person:Other,jan.K
Fred Wheldon,Person:Other,justin.T
Fred Wheldon,Person:Other,alexander.L
Fred Wheldon,Person:Celebrity,rima.B
Fred Wheldon,Person:Academic / Teacher,stephen.M
Fred Wheldon,Person:Actor / Director / Producer,karen.M
Fred Wheldon,Person:Other,alexander.B
Shia_LaBeouf,Person:Actor / Director / Producer,hai.H
Shia_LaBeouf,Person:Actor / Director / Producer,chris.L
Shia_LaBeouf,Person:Actor / Director / Producer,harinder.L
Shia_LaBeouf,Person:Actor / Director / Producer,bandar.A
Shia_LaBeouf,Person:Actor / Director / Producer,jan.K
Shia_LaBeouf,Person:Actor / Director / Producer,peter.A
Shia_LaBeouf,Person:Actor / Director / Producer,justin.T
Shia_LaBeouf,Person:Actor / Director / Producer,an.L
Shia_LaBeouf,Person:Actor / Director / Producer,stephen.M
Shia_LaBeouf,Person:Actor / Director / Producer,yao.L
Shia_LaBeouf,Person:Actor / Director / Producer,changli.W
Shia_LaBeouf,Person:Celebrity,yuan.Y
Shia_LaBeouf,Person:Actor / Director / Producer,ai.H
Shia_LaBeouf,Person:Celebrity,vazir.J
Shia_LaBeouf,Person:Actor / Director / Producer,alexander.L
Shia_LaBeouf,Person:Actor / Director / Producer,karen.M
Shia_LaBeouf,Person:Actor / Director / Producer,sarto.H
Shia_LaBeouf,Person:Actor / Director / Producer,zhenya.Z
Shia_LaBeouf,Person:Actor / Director / Producer,rima.B
Shia_LaBeouf,Person:Artist,bach.T
Shia_LaBeouf,Person:Actor / Director / Producer,yurie.S
Shia_LaBeouf,Person:Actor / Director / Producer,andrew.N
Shia_LaBeouf,Person:Actor / Director / Producer,alexander.B
Shia_LaBeouf,Person:Celebrity,james.W
Isabella of Valois,Person:Royalty,harinder.L
Isabella of Valois,Person:Royalty,jan.K
Isabella of Valois,Person:Royalty,chris.L
Isabella of Valois,Person:Royalty,hai.H
Isabella of Valois,Person:Royalty,an.L
Isabella of Valois,Person:Royalty,ai.H
Isabella of Valois,Person:Royalty,bandar.A
Isabella of Valois,Person:Royalty,yao.L
Isabella of Valois,Person:Royalty,changli.W
Isabella of Valois,Person:Royalty,alexander.L
Isabella of Valois,Person:Royalty,zhenya.Z
Isabella of Valois,Person:Royalty,bach.T
Isabella of Valois,Person:Royalty,yuan.Y
Isabella of Valois,Person:Royalty,rima.B
Isabella of Valois,Person:Royalty,justin.T
Isabella of Valois,Person:Royalty,andrew.N
Isabella of Valois,Person:Royalty,karen.M
Isabella of Valois,Person:Royalty,vazir.J
Isabella of Valois,Person:Royalty,yurie.S
Isabella of Valois,Person:Royalty,peter.A
Isabella of Valois,Person:Royalty,stephen.M
Isabella of Valois,Person:Royalty,sarto.H
Isabella of Valois,Person:Royalty,james.W
Isabella of Valois,Person:Royalty,alexander.B
Haimo (dapifer),Person:Politician/Advisor,jan.K
Haimo (dapifer),Person:Royalty,hai.H
Haimo (dapifer),Person:Politician/Advisor,ai.H
Haimo (dapifer),Person:Royalty,an.L
Haimo (dapifer),Person:Royalty,changli.W
Haimo (dapifer),Person:Politician/Advisor,alexander.L
Haimo (dapifer),Person:Politician/Advisor,bandar.A
Haimo (dapifer),Person:Royalty,zhenya.Z
Haimo (dapifer),Person:Royalty,yuan.Y
Haimo (dapifer),Person:Politician/Advisor,chris.L
Haimo (dapifer),Person:Politician/Advisor,rima.B
Haimo (dapifer),Person:Politician/Advisor,karen.M
Haimo (dapifer),Person:Politician/Advisor,vazir.J
Haimo (dapifer),Person:Politician/Advisor,bach.T
Haimo (dapifer),Person:Politician/Advisor,sarto.H
Haimo (dapifer),Person:Politician/Advisor,yurie.S
Haimo (dapifer),Person:Politician/Advisor,justin.T
Haimo (dapifer),Person:Politician/Advisor,andrew.N
Haimo (dapifer),Person:Politician/Advisor,peter.A
Haimo (dapifer),Person:Politician/Advisor,stephen.M
Haimo (dapifer),Person:Royalty,james.W
Haimo (dapifer),Person:Royalty,harinder.L
Haimo (dapifer),Person:Royalty,yao.L
Haimo (dapifer),Person:Military / Army / Navy / Airforce,alexander.B
